,nome,Id_aluno,dominio,email,matriculas
0,MARIA,235,@dominio.com.br,maria@dominio.com.br,3
1,ANA,43,@serviodoemail.com,ana@serviodoemail.com,1
2,FRANCISCA,304,@serviodoemail.com,francisca@serviodoemail.com,1
3,ANTONIA,156,@serviodoemail.com,antonia@serviodoemail.com,3
4,ADRIANA,343,@serviodoemail.com,adriana@serviodoemail.com,1
5,JULIANA,310,@dominio.com.br,juliana@dominio.com.br,4
6,MARCIA,55,@dominio.com.br,marcia@dominio.com.br,2
7,FERNANDA,288,@dominio.com.br,fernanda@dominio.com.br,1
8,PATRICIA,379,@serviodoemail.com,patricia@serviodoemail.com,1
9,ALINE,92,@serviodoemail.com,aline@serviodoemail.com,4
10,SANDRA,174,@dominio.com.br,sandra@dominio.com.br,2
11,CAMILA,218,@serviodoemail.com,camila@serviodoemail.com,3
12,AMANDA,217,@serviodoemail.com,amanda@serviodoemail.com,3
13,BRUNA,34,@dominio.com.br,bruna@dominio.com.br,4
14,JESSICA,185,@dominio.com.br,jessica@dominio.com.br,1
15,LETICIA,347,@serviodoemail.com,leticia@serviodoemail.com,1
16,JULIA,191,@serviodoemail.com,julia@serviodoemail.com,2
17,LUCIANA,163,@serviodoemail.com,luciana@serviodoemail.com,1
18,VANESSA,42,@serviodoemail.com,vanessa@serviodoemail.com,5
19,MARIANA,10,@serviodoemail.com,mariana@serviodoemail.com,1
20,GABRIELA,200,@dominio.com.br,gabriela@dominio.com.br,1
21,VERA,287,@dominio.com.br,vera@dominio.com.br,2
22,VITORIA,80,@serviodoemail.com,vitoria@serviodoemail.com,1
23,LARISSA,173,@dominio.com.br,larissa@dominio.com.br,8
24,CLAUDIA,16,@dominio.com.br,claudia@dominio.com.br,1
25,BEATRIZ,49,@dominio.com.br,beatriz@dominio.com.br,1
26,RITA,12,@serviodoemail.com,rita@serviodoemail.com,1
27,LUANA,240,@serviodoemail.com,luana@serviodoemail.com,1
28,SONIA,242,@serviodoemail.com,sonia@serviodoemail.com,1
29,RENATA,328,@dominio.com.br,renata@dominio.com.br,3
30,ELIANE,172,@serviodoemail.com,eliane@serviodoemail.com,2
31,JOSEFA,103,@serviodoemail.com,josefa@serviodoemail.com,1
32,SIMONE,284,@dominio.com.br,simone@dominio.com.br,7
33,NATALIA,192,@dominio.com.br,natalia@dominio.com.br,2
34,CRISTIANE,350,@dominio.com.br,cristiane@dominio.com.br,1
35,CARLA,262,@dominio.com.br,carla@dominio.com.br,2
36,DEBORA,338,@dominio.com.br,debora@dominio.com.br,1
37,ROSANGELA,333,@dominio.com.br,rosangela@dominio.com.br,1
38,JAQUELINE,76,@serviodoemail.com,jaqueline@serviodoemail.com,2
39,ROSA,297,@dominio.com.br,rosa@dominio.com.br,2
40,APARECIDA,238,@serviodoemail.com,aparecida@serviodoemail.com,2
41,DANIELA,296,@serviodoemail.com,daniela@serviodoemail.com,1
42,MARLENE,268,@serviodoemail.com,marlene@serviodoemail.com,2
43,TEREZINHA,158,@serviodoemail.com,terezinha@serviodoemail.com,2
44,RAIMUNDA,259,@dominio.com.br,raimunda@dominio.com.br,2
45,ANDREIA,37,@serviodoemail.com,andreia@serviodoemail.com,1
46,FABIANA,358,@serviodoemail.com,fabiana@serviodoemail.com,3
47,LUCIA,241,@dominio.com.br,lucia@dominio.com.br,2
48,RAQUEL,391,@serviodoemail.com,raquel@serviodoemail.com,1
49,ANGELA,249,@dominio.com.br,angela@dominio.com.br,2
50,RAFAELA,27,@dominio.com.br,rafaela@dominio.com.br,3
51,JOANA,102,@serviodoemail.com,joana@serviodoemail.com,2
52,LUZIA,276,@dominio.com.br,luzia@dominio.com.br,1
53,ELAINE,233,@dominio.com.br,elaine@dominio.com.br,2
54,REGINA,281,@dominio.com.br,regina@dominio.com.br,3
55,DANIELE,25,@dominio.com.br,daniele@dominio.com.br,1
56,SUELI,14,@dominio.com.br,sueli@dominio.com.br,3
57,DAIANE,303,@serviodoemail.com,daiane@serviodoemail.com,1
58,ALESSANDRA,193,@serviodoemail.com,alessandra@serviodoemail.com,2
59,ISABEL,83,@dominio.com.br,isabel@dominio.com.br,1
60,SARA,32,@serviodoemail.com,sara@serviodoemail.com,1
61,BIANCA,21,@dominio.com.br,bianca@dominio.com.br,2
62,FLAVIA,60,@serviodoemail.com,flavia@serviodoemail.com,1
63,ERICA,228,@serviodoemail.com,erica@serviodoemail.com,3
64,VIVIANE,396,@serviodoemail.com,viviane@serviodoemail.com,2
65,SILVANA,278,@serviodoemail.com,silvana@serviodoemail.com,4
66,PRISCILA,122,@serviodoemail.com,priscila@serviodoemail.com,2
67,PAULA,212,@dominio.com.br,paula@dominio.com.br,1
68,LUIZA,108,@dominio.com.br,luiza@dominio.com.br,1
69,TEREZA,151,@serviodoemail.com,tereza@serviodoemail.com,3
70,ISABELA,73,@dominio.com.br,isabela@dominio.com.br,2
71,MARTA,265,@dominio.com.br,marta@dominio.com.br,1
72,CAROLINE,232,@serviodoemail.com,caroline@serviodoemail.com,1
73,JANAINA,53,@dominio.com.br,janaina@dominio.com.br,1
74,LAURA,246,@dominio.com.br,laura@dominio.com.br,6
75,MARLI,180,@serviodoemail.com,marli@serviodoemail.com,1
76,TATIANE,203,@serviodoemail.com,tatiane@serviodoemail.com,4
77,MARINA,324,@serviodoemail.com,marina@serviodoemail.com,2
78,SILVIA,115,@dominio.com.br,silvia@dominio.com.br,3
79,MONICA,329,@dominio.com.br,monica@dominio.com.br,3
80,TAIS,179,@serviodoemail.com,tais@serviodoemail.com,5
81,MICHELE,253,@dominio.com.br,michele@dominio.com.br,2
82,SOLANGE,7,@serviodoemail.com,solange@serviodoemail.com,3
83,EDNA,275,@dominio.com.br,edna@dominio.com.br,2
84,FATIMA,126,@dominio.com.br,fatima@dominio.com.br,2
85,HELENA,221,@dominio.com.br,helena@dominio.com.br,2
86,CRISTINA,381,@serviodoemail.com,cristina@serviodoemail.com,2
87,ALICE,273,@serviodoemail.com,alice@serviodoemail.com,1
88,CAROLINA,96,@serviodoemail.com,carolina@serviodoemail.com,2
89,ROSANA,166,@serviodoemail.com,rosana@serviodoemail.com,3
90,ANDRESSA,213,@dominio.com.br,andressa@dominio.com.br,1
91,CELIA,367,@serviodoemail.com,celia@serviodoemail.com,1
92,VALERIA,377,@dominio.com.br,valeria@dominio.com.br,1
93,ELIANA,372,@serviodoemail.com,eliana@serviodoemail.com,1
94,SABRINA,1,@dominio.com.br,sabrina@dominio.com.br,1
95,ANDREA,292,@dominio.com.br,andrea@dominio.com.br,2
96,TANIA,211,@dominio.com.br,tania@dominio.com.br,1
97,BARBARA,201,@serviodoemail.com,barbara@serviodoemail.com,2
98,THAIS,148,@dominio.com.br,thais@dominio.com.br,2
99,DENISE,39,@serviodoemail.com,denise@serviodoemail.com,1
100,ROSELI,171,@serviodoemail.com,roseli@serviodoemail.com,1
101,GISELE,298,@serviodoemail.com,gisele@serviodoemail.com,2
102,MARILENE,149,@dominio.com.br,marilene@dominio.com.br,2
103,KATIA,145,@dominio.com.br,katia@dominio.com.br,5
104,EVA,13,@serviodoemail.com,eva@serviodoemail.com,4
105,MILENA,371,@dominio.com.br,milena@dominio.com.br,1
106,EDUARDA,342,@serviodoemail.com,eduarda@serviodoemail.com,2
107,ELISANGELA,56,@dominio.com.br,elisangela@dominio.com.br,1
108,VILMA,31,@serviodoemail.com,vilma@serviodoemail.com,1
109,GEOVANA,300,@serviodoemail.com,geovana@serviodoemail.com,1
110,LUCIENE,22,@serviodoemail.com,luciene@serviodoemail.com,1
111,TAMIRES,121,@serviodoemail.com,tamires@serviodoemail.com,2
112,TATIANA,161,@dominio.com.br,tatiana@dominio.com.br,1
113,ROBERTA,143,@serviodoemail.com,roberta@serviodoemail.com,1
114,ELZA,380,@dominio.com.br,elza@dominio.com.br,6
115,TALITA,94,@dominio.com.br,talita@dominio.com.br,1
116,MARCELA,261,@dominio.com.br,marcela@dominio.com.br,1
117,PAMELA,189,@serviodoemail.com,pamela@serviodoemail.com,1
118,VANIA,285,@dominio.com.br,vania@dominio.com.br,5
119,IRENE,190,@serviodoemail.com,irene@serviodoemail.com,4
120,JOSIANE,178,@dominio.com.br,josiane@dominio.com.br,1
121,LIVIA,106,@serviodoemail.com,livia@serviodoemail.com,6
122,CINTIA,6,@serviodoemail.com,cintia@serviodoemail.com,3
123,IVONE,289,@dominio.com.br,ivone@dominio.com.br,2
124,LAIS,280,@dominio.com.br,lais@dominio.com.br,5
125,BENEDITA,20,@serviodoemail.com,benedita@serviodoemail.com,4
126,SEBASTIANA,30,@dominio.com.br,sebastiana@dominio.com.br,1
127,TAINA,79,@dominio.com.br,taina@dominio.com.br,2
128,JOICE,357,@serviodoemail.com,joice@serviodoemail.com,2
129,MIRIAN,135,@serviodoemail.com,mirian@serviodoemail.com,1
130,ELIZABETE,197,@serviodoemail.com,elizabete@serviodoemail.com,1
131,ANGELICA,370,@serviodoemail.com,angelica@serviodoemail.com,1
132,GABRIELE,72,@serviodoemail.com,gabriele@serviodoemail.com,1
133,BRENDA,95,@dominio.com.br,brenda@dominio.com.br,1
134,VERONICA,274,@dominio.com.br,veronica@dominio.com.br,5
135,ROSILENE,387,@serviodoemail.com,rosilene@serviodoemail.com,1
136,KARINA,36,@serviodoemail.com,karina@serviodoemail.com,2
137,NAIR,129,@serviodoemail.com,nair@serviodoemail.com,1
138,NEUSA,75,@dominio.com.br,neusa@dominio.com.br,9
139,MARGARIDA,54,@serviodoemail.com,margarida@serviodoemail.com,2
140,NEUZA,23,@dominio.com.br,neuza@dominio.com.br,1
141,NEIDE,325,@serviodoemail.com,neide@serviodoemail.com,1
142,RAISSA,286,@serviodoemail.com,raissa@serviodoemail.com,5
143,MAIARA,301,@dominio.com.br,maiara@dominio.com.br,5
144,LORENA,91,@dominio.com.br,lorena@dominio.com.br,2
145,FRANCIELE,316,@dominio.com.br,franciele@dominio.com.br,1
146,SAMARA,352,@dominio.com.br,samara@dominio.com.br,1
147,LILIAN,397,@dominio.com.br,lilian@dominio.com.br,3
148,JANETE,334,@serviodoemail.com,janete@serviodoemail.com,4
149,CICERA,399,@dominio.com.br,cicera@dominio.com.br,1
150,GIOVANA,176,@dominio.com.br,giovana@dominio.com.br,1
151,SEVERINA,5,@serviodoemail.com,severina@serviodoemail.com,1
152,LARA,160,@dominio.com.br,lara@dominio.com.br,1
153,CLEIDE,368,@dominio.com.br,cleide@dominio.com.br,1
154,NICOLE,182,@dominio.com.br,nicole@dominio.com.br,5
155,CECILIA,144,@dominio.com.br,cecilia@dominio.com.br,3
156,YASMIN,386,@serviodoemail.com,yasmin@serviodoemail.com,1
157,CONCEICAO,153,@serviodoemail.com,conceicao@serviodoemail.com,1
158,INGRID,81,@serviodoemail.com,ingrid@serviodoemail.com,2
159,SELMA,118,@serviodoemail.com,selma@serviodoemail.com,3
160,LEILA,157,@dominio.com.br,leila@dominio.com.br,3
161,RAIANE,247,@dominio.com.br,raiane@dominio.com.br,1
162,ESTER,202,@dominio.com.br,ester@dominio.com.br,7
163,REGIANE,308,@serviodoemail.com,regiane@serviodoemail.com,1
164,MARISA,105,@serviodoemail.com,marisa@serviodoemail.com,2
165,EUNICE,62,@dominio.com.br,eunice@dominio.com.br,2
166,KELLY,109,@serviodoemail.com,kelly@serviodoemail.com,6
167,TAINARA,128,@dominio.com.br,tainara@dominio.com.br,2
168,IARA,82,@dominio.com.br,iara@dominio.com.br,2
169,JOELMA,394,@dominio.com.br,joelma@dominio.com.br,2
170,MARINALVA,243,@dominio.com.br,marinalva@dominio.com.br,3
171,TERESINHA,45,@serviodoemail.com,teresinha@serviodoemail.com,1
172,REBECA,165,@dominio.com.br,rebeca@dominio.com.br,1
173,GERALDA,314,@dominio.com.br,geralda@dominio.com.br,5
174,CLEONICE,90,@dominio.com.br,cleonice@dominio.com.br,2
175,ALEXANDRA,317,@dominio.com.br,alexandra@dominio.com.br,1
176,MARA,375,@dominio.com.br,mara@dominio.com.br,1
177,JENIFER,353,@serviodoemail.com,jenifer@serviodoemail.com,3
178,ELIZANGELA,250,@serviodoemail.com,elizangela@serviodoemail.com,1
179,LILIANE,299,@dominio.com.br,liliane@dominio.com.br,3
180,LIDIA,167,@dominio.com.br,lidia@dominio.com.br,1
181,IRACEMA,168,@dominio.com.br,iracema@dominio.com.br,3
182,LIDIANE,389,@dominio.com.br,lidiane@dominio.com.br,1
183,IRACI,8,@serviodoemail.com,iraci@serviodoemail.com,1
184,MARILIA,282,@serviodoemail.com,marilia@serviodoemail.com,1
185,SHEILA,116,@dominio.com.br,sheila@dominio.com.br,1
186,INES,319,@serviodoemail.com,ines@serviodoemail.com,5
187,NAIARA,229,@dominio.com.br,naiara@dominio.com.br,4
188,POLIANA,369,@dominio.com.br,poliana@dominio.com.br,1
189,DALVA,137,@dominio.com.br,dalva@dominio.com.br,1
190,LURDES,346,@serviodoemail.com,lurdes@serviodoemail.com,1
191,TERESA,264,@dominio.com.br,teresa@dominio.com.br,1
192,ZILDA,237,@serviodoemail.com,zilda@serviodoemail.com,1
193,LUCILENE,146,@dominio.com.br,lucilene@dominio.com.br,1
194,CLARA,277,@serviodoemail.com,clara@serviodoemail.com,3
195,ROSANE,227,@dominio.com.br,rosane@dominio.com.br,1
196,IVONETE,222,@dominio.com.br,ivonete@dominio.com.br,4
197,LUCIANE,50,@serviodoemail.com,luciane@serviodoemail.com,9
198,ISADORA,38,@serviodoemail.com,isadora@serviodoemail.com,1
199,NILZA,35,@dominio.com.br,nilza@dominio.com.br,2
0,JOSE,331,@serviodoemail.com,jose@serviodoemail.com,3
1,JOAO,24,@dominio.com.br,joao@dominio.com.br,5
2,ANTONIO,205,@dominio.com.br,antonio@dominio.com.br,1
3,FRANCISCO,382,@dominio.com.br,francisco@dominio.com.br,2
4,CARLOS,230,@dominio.com.br,carlos@dominio.com.br,1
5,PAULO,11,@dominio.com.br,paulo@dominio.com.br,4
6,PEDRO,67,@dominio.com.br,pedro@dominio.com.br,1
7,LUCAS,29,@serviodoemail.com,lucas@serviodoemail.com,2
8,LUIZ,208,@serviodoemail.com,luiz@serviodoemail.com,8
9,MARCOS,390,@dominio.com.br,marcos@dominio.com.br,2
10,LUIS,125,@serviodoemail.com,luis@serviodoemail.com,1
11,GABRIEL,219,@serviodoemail.com,gabriel@serviodoemail.com,2
12,RAFAEL,162,@dominio.com.br,rafael@dominio.com.br,2
13,DANIEL,195,@serviodoemail.com,daniel@serviodoemail.com,2
14,MARCELO,138,@serviodoemail.com,marcelo@serviodoemail.com,1
15,BRUNO,293,@dominio.com.br,bruno@dominio.com.br,4
16,EDUARDO,224,@serviodoemail.com,eduardo@serviodoemail.com,2
17,FELIPE,113,@dominio.com.br,felipe@dominio.com.br,1
18,RAIMUNDO,70,@serviodoemail.com,raimundo@serviodoemail.com,2
19,RODRIGO,133,@serviodoemail.com,rodrigo@serviodoemail.com,1
20,MANOEL,101,@serviodoemail.com,manoel@serviodoemail.com,1
21,MATEUS,309,@dominio.com.br,mateus@dominio.com.br,2
22,ANDRE,311,@serviodoemail.com,andre@serviodoemail.com,3
23,FERNANDO,321,@dominio.com.br,fernando@dominio.com.br,3
24,FABIO,400,@serviodoemail.com,fabio@serviodoemail.com,1
25,LEONARDO,236,@serviodoemail.com,leonardo@serviodoemail.com,2
26,GUSTAVO,86,@dominio.com.br,gustavo@dominio.com.br,2
27,GUILHERME,327,@dominio.com.br,guilherme@dominio.com.br,1
28,LEANDRO,302,@serviodoemail.com,leandro@serviodoemail.com,6
29,TIAGO,267,@dominio.com.br,tiago@dominio.com.br,1
30,ANDERSON,111,@serviodoemail.com,anderson@serviodoemail.com,1
31,RICARDO,336,@serviodoemail.com,ricardo@serviodoemail.com,2
32,MARCIO,322,@serviodoemail.com,marcio@serviodoemail.com,2
33,JORGE,330,@serviodoemail.com,jorge@serviodoemail.com,1
34,SEBASTIAO,152,@serviodoemail.com,sebastiao@serviodoemail.com,1
35,ALEXANDRE,188,@serviodoemail.com,alexandre@serviodoemail.com,2
36,ROBERTO,364,@dominio.com.br,roberto@dominio.com.br,4
37,EDSON,123,@dominio.com.br,edson@dominio.com.br,3
38,DIEGO,294,@dominio.com.br,diego@dominio.com.br,1
39,VITOR,132,@dominio.com.br,vitor@dominio.com.br,1
40,SERGIO,139,@serviodoemail.com,sergio@serviodoemail.com,2
41,CLAUDIO,204,@serviodoemail.com,claudio@serviodoemail.com,3
42,MATHEUS,93,@dominio.com.br,matheus@dominio.com.br,2
43,THIAGO,339,@serviodoemail.com,thiago@serviodoemail.com,2
44,GERALDO,318,@serviodoemail.com,geraldo@serviodoemail.com,2
45,ADRIANO,196,@serviodoemail.com,adriano@serviodoemail.com,3
46,LUCIANO,63,@serviodoemail.com,luciano@serviodoemail.com,2
47,JULIO,210,@dominio.com.br,julio@dominio.com.br,4
48,RENATO,384,@serviodoemail.com,renato@serviodoemail.com,5
49,ALEX,337,@serviodoemail.com,alex@serviodoemail.com,4
50,VINICIUS,183,@serviodoemail.com,vinicius@serviodoemail.com,3
51,ROGERIO,175,@serviodoemail.com,rogerio@serviodoemail.com,1
52,SAMUEL,220,@dominio.com.br,samuel@dominio.com.br,1
53,RONALDO,356,@serviodoemail.com,ronaldo@serviodoemail.com,1
54,MARIO,164,@serviodoemail.com,mario@serviodoemail.com,2
55,FLAVIO,186,@serviodoemail.com,flavio@serviodoemail.com,1
56,DOUGLAS,46,@dominio.com.br,douglas@dominio.com.br,3
57,IGOR,345,@dominio.com.br,igor@dominio.com.br,1
58,DAVI,131,@serviodoemail.com,davi@serviodoemail.com,3
59,MANUEL,51,@dominio.com.br,manuel@dominio.com.br,2
60,JEFERSON,98,@dominio.com.br,jeferson@dominio.com.br,3
61,CICERO,198,@dominio.com.br,cicero@dominio.com.br,1
62,VICTOR,216,@serviodoemail.com,victor@serviodoemail.com,2
63,MIGUEL,239,@serviodoemail.com,miguel@serviodoemail.com,2
64,ROBSON,290,@serviodoemail.com,robson@serviodoemail.com,6
65,MAURICIO,395,@serviodoemail.com,mauricio@serviodoemail.com,3
66,DANILO,348,@serviodoemail.com,danilo@serviodoemail.com,2
67,HENRIQUE,64,@dominio.com.br,henrique@dominio.com.br,1
68,CAIO,283,@dominio.com.br,caio@dominio.com.br,4
69,REGINALDO,170,@dominio.com.br,reginaldo@dominio.com.br,1
70,JOAQUIM,248,@dominio.com.br,joaquim@dominio.com.br,2
71,BENEDITO,258,@serviodoemail.com,benedito@serviodoemail.com,5
72,GILBERTO,252,@dominio.com.br,gilberto@dominio.com.br,1
73,MARCO,270,@dominio.com.br,marco@dominio.com.br,1
74,ALAN,355,@dominio.com.br,alan@dominio.com.br,3
75,NELSON,392,@serviodoemail.com,nelson@serviodoemail.com,3
76,CRISTIANO,154,@serviodoemail.com,cristiano@serviodoemail.com,1
77,ELIAS,360,@dominio.com.br,elias@dominio.com.br,1
78,WILSON,41,@dominio.com.br,wilson@dominio.com.br,1
79,VALDIR,307,@serviodoemail.com,valdir@serviodoemail.com,7
80,EMERSON,373,@serviodoemail.com,emerson@serviodoemail.com,3
81,LUAN,66,@serviodoemail.com,luan@serviodoemail.com,4
82,DAVID,207,@serviodoemail.com,david@serviodoemail.com,2
83,RENAN,9,@dominio.com.br,renan@dominio.com.br,1
84,SEVERINO,78,@serviodoemail.com,severino@serviodoemail.com,1
85,FABRICIO,59,@serviodoemail.com,fabricio@serviodoemail.com,1
86,MAURO,251,@dominio.com.br,mauro@dominio.com.br,4
87,JONAS,120,@serviodoemail.com,jonas@serviodoemail.com,5
88,GILMAR,142,@serviodoemail.com,gilmar@serviodoemail.com,3
89,JEAN,89,@dominio.com.br,jean@dominio.com.br,1
90,FABIANO,365,@serviodoemail.com,fabiano@serviodoemail.com,1
91,WESLEY,255,@serviodoemail.com,wesley@serviodoemail.com,1
92,DIOGO,61,@serviodoemail.com,diogo@serviodoemail.com,1
93,ADILSON,257,@serviodoemail.com,adilson@serviodoemail.com,2
94,JAIR,344,@dominio.com.br,jair@dominio.com.br,1
95,ALESSANDRO,47,@dominio.com.br,alessandro@dominio.com.br,1
96,EVERTON,87,@serviodoemail.com,everton@serviodoemail.com,1
97,OSVALDO,110,@serviodoemail.com,osvaldo@serviodoemail.com,2
98,GILSON,134,@dominio.com.br,gilson@dominio.com.br,1
99,WILLIAN,17,@dominio.com.br,willian@dominio.com.br,1
100,JOEL,194,@dominio.com.br,joel@dominio.com.br,1
101,SILVIO,363,@dominio.com.br,silvio@dominio.com.br,1
102,HELIO,117,@serviodoemail.com,helio@serviodoemail.com,2
103,MAICON,295,@serviodoemail.com,maicon@serviodoemail.com,1
104,REINALDO,28,@serviodoemail.com,reinaldo@serviodoemail.com,3
105,PABLO,141,@serviodoemail.com,pablo@serviodoemail.com,4
106,ARTUR,199,@dominio.com.br,artur@dominio.com.br,2
107,VAGNER,15,@dominio.com.br,vagner@dominio.com.br,1
108,VALTER,88,@serviodoemail.com,valter@serviodoemail.com,7
109,CELSO,266,@serviodoemail.com,celso@serviodoemail.com,1
110,IVAN,263,@dominio.com.br,ivan@dominio.com.br,2
111,CLEITON,223,@dominio.com.br,cleiton@dominio.com.br,2
112,VANDERLEI,244,@dominio.com.br,vanderlei@dominio.com.br,1
113,VICENTE,260,@serviodoemail.com,vicente@serviodoemail.com,1
114,ARTHUR,320,@dominio.com.br,arthur@dominio.com.br,6
115,MILTON,104,@dominio.com.br,milton@dominio.com.br,1
116,DOMINGOS,150,@serviodoemail.com,domingos@serviodoemail.com,1
117,WAGNER,140,@serviodoemail.com,wagner@serviodoemail.com,1
118,SANDRO,68,@serviodoemail.com,sandro@serviodoemail.com,1
119,MOISES,4,@serviodoemail.com,moises@serviodoemail.com,3
120,EDILSON,57,@dominio.com.br,edilson@dominio.com.br,1
121,ADEMIR,305,@dominio.com.br,ademir@dominio.com.br,1
122,ADAO,234,@dominio.com.br,adao@dominio.com.br,1
123,EVANDRO,52,@serviodoemail.com,evandro@serviodoemail.com,3
124,CESAR,2,@dominio.com.br,cesar@dominio.com.br,6
125,VALMIR,19,@dominio.com.br,valmir@dominio.com.br,1
126,MURILO,269,@dominio.com.br,murilo@dominio.com.br,2
127,JULIANO,374,@dominio.com.br,juliano@dominio.com.br,1
128,EDVALDO,313,@serviodoemail.com,edvaldo@serviodoemail.com,2
129,AILTON,26,@serviodoemail.com,ailton@serviodoemail.com,1
130,JUNIOR,184,@serviodoemail.com,junior@serviodoemail.com,4
131,BRENO,187,@dominio.com.br,breno@dominio.com.br,1
132,NICOLAS,44,@serviodoemail.com,nicolas@serviodoemail.com,5
133,RUAN,130,@dominio.com.br,ruan@dominio.com.br,2
134,ALBERTO,245,@serviodoemail.com,alberto@serviodoemail.com,1
135,RUBENS,256,@dominio.com.br,rubens@dominio.com.br,2
136,NILTON,271,@dominio.com.br,nilton@dominio.com.br,1
137,AUGUSTO,376,@serviodoemail.com,augusto@serviodoemail.com,1
138,CLEBER,155,@serviodoemail.com,cleber@serviodoemail.com,1
139,OSMAR,71,@serviodoemail.com,osmar@serviodoemail.com,5
140,NILSON,361,@dominio.com.br,nilson@dominio.com.br,2
141,ORLANDO,159,@serviodoemail.com,orlando@serviodoemail.com,3
142,HUGO,378,@dominio.com.br,hugo@dominio.com.br,1
143,OTAVIO,272,@dominio.com.br,otavio@dominio.com.br,2
144,VINICIOS,147,@serviodoemail.com,vinicios@serviodoemail.com,2
145,ITALO,206,@serviodoemail.com,italo@serviodoemail.com,6
146,WILIAN,279,@serviodoemail.com,wilian@serviodoemail.com,2
147,ALISSON,315,@serviodoemail.com,alisson@serviodoemail.com,1
148,APARECIDO,332,@dominio.com.br,aparecido@dominio.com.br,1
149,ISRAEL,65,@serviodoemail.com,israel@serviodoemail.com,1
150,EDMILSON,326,@serviodoemail.com,edmilson@serviodoemail.com,1
151,JOSUE,393,@serviodoemail.com,josue@serviodoemail.com,1
152,GERSON,169,@serviodoemail.com,gerson@serviodoemail.com,3
153,CAUA,77,@serviodoemail.com,caua@serviodoemail.com,3
154,SIDNEI,291,@dominio.com.br,sidnei@dominio.com.br,1
155,EMANUEL,351,@dominio.com.br,emanuel@dominio.com.br,5
156,VALDEMAR,119,@dominio.com.br,valdemar@dominio.com.br,2
157,JAIME,214,@dominio.com.br,jaime@dominio.com.br,2
158,EDIVALDO,354,@dominio.com.br,edivaldo@dominio.com.br,1
159,ARNALDO,359,@dominio.com.br,arnaldo@dominio.com.br,2
160,MOACIR,181,@serviodoemail.com,moacir@serviodoemail.com,4
161,DAMIAO,349,@dominio.com.br,damiao@dominio.com.br,2
162,ISMAEL,100,@serviodoemail.com,ismael@serviodoemail.com,6
163,NIVALDO,362,@dominio.com.br,nivaldo@dominio.com.br,2
164,JAIRO,136,@serviodoemail.com,jairo@serviodoemail.com,3
165,ISAIAS,177,@dominio.com.br,isaias@dominio.com.br,1
166,MICHEL,385,@serviodoemail.com,michel@serviodoemail.com,2
167,ANGELO,85,@serviodoemail.com,angelo@serviodoemail.com,2
168,CRISTIAN,398,@serviodoemail.com,cristian@serviodoemail.com,1
169,WELLINGTON,40,@serviodoemail.com,wellington@serviodoemail.com,3
170,ALEXANDRO,341,@serviodoemail.com,alexandro@serviodoemail.com,2
171,VALDEMIR,3,@dominio.com.br,valdemir@dominio.com.br,1
172,WANDERSON,312,@serviodoemail.com,wanderson@serviodoemail.com,2
173,JAILSON,306,@dominio.com.br,jailson@dominio.com.br,1
174,DENIS,69,@serviodoemail.com,denis@serviodoemail.com,1
175,RIAN,209,@dominio.com.br,rian@dominio.com.br,1
176,CELIO,388,@serviodoemail.com,celio@serviodoemail.com,1
177,CLAUDINEI,254,@dominio.com.br,claudinei@dominio.com.br,2
178,DENILSON,335,@dominio.com.br,denilson@dominio.com.br,1
179,IAGO,340,@dominio.com.br,iago@dominio.com.br,1
180,EDER,112,@serviodoemail.com,eder@serviodoemail.com,3
181,YURI,225,@dominio.com.br,yuri@dominio.com.br,3
182,CHARLES,33,@dominio.com.br,charles@dominio.com.br,2
183,MARLON,74,@dominio.com.br,marlon@dominio.com.br,1
184,ALISON,48,@dominio.com.br,alison@dominio.com.br,2
185,JONATAN,127,@dominio.com.br,jonatan@dominio.com.br,2
186,ERIC,114,@serviodoemail.com,eric@serviodoemail.com,3
187,ELTON,97,@dominio.com.br,elton@dominio.com.br,4
188,VALDECIR,226,@serviodoemail.com,valdecir@serviodoemail.com,1
189,WESLEI,215,@serviodoemail.com,weslei@serviodoemail.com,1
190,NATANAEL,58,@serviodoemail.com,natanael@serviodoemail.com,2
191,ERICK,124,@serviodoemail.com,erick@serviodoemail.com,2
192,AGNALDO,107,@serviodoemail.com,agnaldo@serviodoemail.com,2
193,KAUAN,84,@serviodoemail.com,kauan@serviodoemail.com,1
194,ODAIR,18,@serviodoemail.com,odair@serviodoemail.com,1
195,WALTER,231,@dominio.com.br,walter@dominio.com.br,1
196,ARLINDO,99,@serviodoemail.com,arlindo@serviodoemail.com,1
197,MICHAEL,323,@dominio.com.br,michael@dominio.com.br,1
198,ALVARO,383,@serviodoemail.com,alvaro@serviodoemail.com,3
199,GEOVANE,366,@serviodoemail.com,geovane@serviodoemail.com,1
